Numero catalogo,Clado,Genero,Especie,Sexo,Elevación,Pico,Ala,Cola,bodymass,Comportamiento,Familia 1,Familia 2,Familia 3,Flor,Tipo flor,HabitatDensidad,Habitat 
29413,Brillantes,Haplophaedia,Haplophaedia aureliae,M,2200,18,55,37,NA,No territorial,Fabaceae,,,,Flor tubular,1,Bosque
30156,Brillantes,Haplophaedia,Haplophaedia aureliae,M,2200,20,58,42,NA,No territorial,Fabaceae,,,,Flor tubular,1,Bosque
33338,Brillantes,Haplophaedia,Haplophaedia aureliae,M,1750,22,60,44,5.6,No territorial,Fabaceae,,,,Flor tubular,1,Bosque
25475,Brillantes,Haplophaedia,Haplophaedia aureliae,M,2000,23,60,44,NA,No territorial,Fabaceae,,,,Flor tubular,1,Bosque
34769,Brillantes,Haplophaedia,Haplophaedia aureliae,M,1650,18,60,41,4.2,No territorial,Fabaceae,,,,Flor tubular,1,Bosque
40057,Brillantes,Haplophaedia,Haplophaedia aureliae ,H,2069,18,52,39,NA,No territorial,Fabaceae,,,,Flor tubular,1,Bosque
39401,Brillantes,Haplophaedia,Haplophaedia aureliae ,H,1650,18,54,41,4.7,No territorial,Fabaceae,,,,Flor tubular,1,Bosque
34340,Brillantes,Haplophaedia,Haplophaedia aureliae ,H,1630,19,57,37,4.25,No territorial,Fabaceae,,,,Flor tubular,1,Bosque
33156,Brillantes,Haplophaedia,Haplophaedia aureliae ,H,2005,17,53,38,4.4,No territorial,Fabaceae,,,,Flor tubular,1,Bosque
33314,Brillantes,Haplophaedia,Haplophaedia aureliae,H,1750,21,56,34,5.2,No territorial,Fabaceae,,,,Flor tubular,1,Bosque
36994,Brillantes,Eriocnemis,Eriocnemis  cupreoventris,M,3100,18,67,40,5.9,No territorial,Ericaceae,,,"Fuchsia, Passiflora, Aetanthus, Bomarea",Flor tubular,2,Bosque
39990,Brillantes,Eriocnemis,Eriocnemis  cupreoventris,M,3020,18,60,41,5.4,No territorial,Ericaceae,,,"Fuchsia, Passiflora, Aetanthus, Bomarea",Flor tubular,2,Bosque
34737,Brillantes,Eriocnemis,Eriocnemis  cupreoventris,M,2900,18,61,44,5.9,No territorial,Ericaceae,,,"Fuchsia, Passiflora, Aetanthus, Bomarea",Flor tubular,2,Bosque
20296,Brillantes,Eriocnemis,Eriocnemis  cupreoventris,M,3250,17,61,41,NA,No territorial,Ericaceae,,,"Fuchsia, Passiflora, Aetanthus, Bomarea",Flor tubular,2,Bosque
20297,Brillantes,Eriocnemis,Eriocnemis  cupreoventris,M,3250,17,61,38,NA,No territorial,Ericaceae,,,"Fuchsia, Passiflora, Aetanthus, Bomarea",Flor tubular,2,Bosque
35484,Brillantes,Eriocnemis,Eriocnemis  cupreoventris,H,2890,18,59,45,5.3,No territorial,Ericaceae,,,"Fuchsia, Passiflora, Aetanthus, Bomarea",Flor tubular,2,Bosque
36407,Brillantes,Eriocnemis,Eriocnemis  cupreoventris,H,3100,18,57,32,4.7,No territorial,Ericaceae,,,"Fuchsia, Passiflora, Aetanthus, Bomarea",Flor tubular,2,Bosque
34738,Brillantes,Eriocnemis,Eriocnemis  cupreoventris,H,2900,18,55,43,5.15,No territorial,Ericaceae,,,"Fuchsia, Passiflora, Aetanthus, Bomarea",Flor tubular,2,Bosque
7768,Brillantes,Eriocnemis,Eriocnemis  cupreoventris,H,1923,18,67,42,NA,No territorial,Ericaceae,,,"Fuchsia, Passiflora, Aetanthus, Bomarea",Flor tubular,2,Bosque
7704,Brillantes,Eriocnemis,Eriocnemis  cupreoventris,H,1923,18,60,43,NA,No territorial,Ericaceae,,,"Fuchsia, Passiflora, Aetanthus, Bomarea",Flor tubular,2,Bosque
IAvH-A-11825,Brillantes,Eriocnemis,Eriocnemis mosquera,M,3640,22,71,56,5,No territorial,Ericaceae,,,"Fuchsia, Passiflora, Aetanthus, Bomarea",Flor tubular,2,Bosque
IAvH-A-4576,Brillantes,Eriocnemis,Eriocnemis mosquera,M,3300,19,68,63,4.5,No territorial,Ericaceae,,,"Fuchsia, Passiflora, Aetanthus, Bomarea",Flor tubular,2,Bosque
35936,Brillantes,Eriocnemis,Eriocnemis mosquera,M,3300,18,69,53,6.4,No territorial,Ericaceae,,,"Fuchsia, Passiflora, Aetanthus, Bomarea",Flor tubular,2,Bosque
37473,Brillantes,Eriocnemis,Eriocnemis mosquera,H,3500,18,70,55,NA,No territorial,Ericaceae,,,"Fuchsia, Passiflora, Aetanthus, Bomarea",Flor tubular,2,Bosque
IAvH-A-4571,Brillantes,Eriocnemis,Eriocnemis mosquera,H,4220,18,65,56,6,No territorial,Ericaceae,,,"Fuchsia, Passiflora, Aetanthus, Bomarea",Flor tubular,2,Bosque
IAvH-A-4568,Brillantes,Eriocnemis,Eriocnemis mosquera,H,3250,19,68,52,6,No territorial,Ericaceae,,,"Fuchsia, Passiflora, Aetanthus, Bomarea",Flor tubular,2,Bosque
IAvH-A-4569,Brillantes,Eriocnemis,Eriocnemis mosquera,H,3220,18,63,51,4,No territorial,Ericaceae,,,"Fuchsia, Passiflora, Aetanthus, Bomarea",Flor tubular,2,Bosque
10667,Brillantes,Eriocnemis,Eriocnemis vestita,M,2820,20,59,45,5,No territorial,Ericaceae,Campanulaceae,,"Bejaria, Shiphocampylux columnae, Centropogon",Flor tubular,2,Bosque
36652,Brillantes,Eriocnemis,Eriocnemis vestita,M,2950,19,58,42,4.5,No territorial,Ericaceae,Campanulaceae,,"Bejaria, Shiphocampylux columnae, Centropogon",Flor tubular,2,Bosque
39896,Brillantes,Eriocnemis,Eriocnemis vestita,M,2800,17,59,33,4.5,No territorial,Ericaceae,Campanulaceae,,"Bejaria, Shiphocampylux columnae, Centropogon",Flor tubular,2,Bosque
36971,Brillantes,Eriocnemis,Eriocnemis vestita,M,2800,15,58,33,5,No territorial,Ericaceae,Campanulaceae,,"Bejaria, Shiphocampylux columnae, Centropogon",Flor tubular,2,Bosque
IAvH-A-17268,Brillantes,Eriocnemis,Eriocnemis vestita,M,3700,18,52,41,4.41,No territorial,Ericaceae,Campanulaceae,,"Bejaria, Shiphocampylux columnae, Centropogon",Flor tubular,2,Bosque
36111,Brillantes,Eriocnemis,Eriocnemis vestita,H,3300,21,58,46,4.5,No territorial,Ericaceae,Campanulaceae,,"Bejaria, Shiphocampylux columnae, Centropogon",Flor tubular,2,Bosque
36432,Brillantes,Eriocnemis,Eriocnemis vestita,H,3100,18,59,37,5,No territorial,Ericaceae,Campanulaceae,,"Bejaria, Shiphocampylux columnae, Centropogon",Flor tubular,2,Bosque
35284,Brillantes,Eriocnemis,Eriocnemis vestita,H,2950,21,57,40,4.6,No territorial,Ericaceae,Campanulaceae,,"Bejaria, Shiphocampylux columnae, Centropogon",Flor tubular,2,Bosque
36654,Brillantes,Eriocnemis,Eriocnemis vestita,H,2950,19,56,33,4.7,No territorial,Ericaceae,Campanulaceae,,"Bejaria, Shiphocampylux columnae, Centropogon",Flor tubular,2,Bosque
39028,Brillantes,Eriocnemis,Eriocnemis vestita,H,2650,18,55,44,NA,No territorial,Ericaceae,Campanulaceae,,"Bejaria, Shiphocampylux columnae, Centropogon",Flor tubular,2,Bosque
38172,Brillantes,Aglaeactis,Aglaeactis cupripennis,M,3450,22,83,52,6.75,No territorial,Bromeliaceae,,,"Puya, Fuchsia, Centropogon, Embothrium, Mutisia, Passiflora, Tristerix",,2,Matorral
33813,Brillantes,Aglaeactis,Aglaeactis cupripennis,M,3300,23,87,51,8.5,No territorial,Bromeliaceae,,,"Puya, Fuchsia, Centropogon, Embothrium, Mutisia, Passiflora, Tristerix",,2,Matorral
36863,Brillantes,Aglaeactis,Aglaeactis cupripennis,M,3712,21,79,46,7,No territorial,Bromeliaceae,,,"Puya, Fuchsia, Centropogon, Embothrium, Mutisia, Passiflora, Tristerix",,2,Matorral
26169,Brillantes,Aglaeactis,Aglaeactis cupripennis,M,2970,18,79,45,NA,No territorial,Bromeliaceae,,,"Puya, Fuchsia, Centropogon, Embothrium, Mutisia, Passiflora, Tristerix",,2,Matorral
7409,Brillantes,Aglaeactis,Aglaeactis cupripennis,M,1950,18,89,53,NA,No territorial,Bromeliaceae,,,"Puya, Fuchsia, Centropogon, Embothrium, Mutisia, Passiflora, Tristerix",,2,Matorral
7410,Brillantes,Aglaeactis,Aglaeactis cupripennis,H,3015,17,82,46,NA,No territorial,Bromeliaceae,,,"Puya, Fuchsia, Centropogon, Embothrium, Mutisia, Passiflora, Tristerix",,2,Matorral
IAvH-A-11831,Brillantes,Aglaeactis,Aglaeactis cupripennis,H,3640,22,71,49,7.6,No territorial,Bromeliaceae,,,"Puya, Fuchsia, Centropogon, Embothrium, Mutisia, Passiflora, Tristerix",,2,Matorral
IAvH-A-17242,Brillantes,Aglaeactis,Aglaeactis cupripennis,H,3900,20,74,50,6.31,No territorial,Bromeliaceae,,,"Puya, Fuchsia, Centropogon, Embothrium, Mutisia, Passiflora, Tristerix",,2,Matorral
IAvH-A-17250,Brillantes,Aglaeactis,Aglaeactis cupripennis,H,3700,19,74,49,7.8,No territorial,Bromeliaceae,,,"Puya, Fuchsia, Centropogon, Embothrium, Mutisia, Passiflora, Tristerix",,2,Matorral
22956,Brillantes,Aglaeactis,Aglaeactis cupripennis,H,2983,18,79,48,NA,No territorial,Bromeliaceae,,,"Puya, Fuchsia, Centropogon, Embothrium, Mutisia, Passiflora, Tristerix",,2,Matorral
34756,Brillantes,Coeligena,Coeligena coeligena,M,1650,31,69,47,6.7,No territorial,Ericaceae,Onagraceae,Alstroemeriaceae,"Fuchsia, Bomarea, Cavendishia, Centropogon, Heliconia, Siphocampylus",Flor tubular,1,Bosque
34984,Brillantes,Coeligena,Coeligena coeligena,M,1820,33,75,45,7.1,No territorial,Ericaceae,Onagraceae,Alstroemeriaceae,"Fuchsia, Bomarea, Cavendishia, Centropogon, Heliconia, Siphocampylus",Flor tubular,1,Bosque
36391,Brillantes,Coeligena,Coeligena coeligena,M,1660,32,75,48,7.5,No territorial,Ericaceae,Onagraceae,Alstroemeriaceae,"Fuchsia, Bomarea, Cavendishia, Centropogon, Heliconia, Siphocampylus",Flor tubular,1,Bosque
22362,Brillantes,Coeligena,Coeligena coeligena,M,2150,31,76,52,NA,No territorial,Ericaceae,Onagraceae,Alstroemeriaceae,"Fuchsia, Bomarea, Cavendishia, Centropogon, Heliconia, Siphocampylus",Flor tubular,1,Bosque
29641,Brillantes,Coeligena,Coeligena coeligena,M,2200,28,72,50,NA,No territorial,Ericaceae,Onagraceae,Alstroemeriaceae,"Fuchsia, Bomarea, Cavendishia, Centropogon, Heliconia, Siphocampylus",Flor tubular,1,Bosque
40069,Brillantes,Coeligena,Coeligena coeligena,H,1953,32,67,36,6.4,No territorial,Ericaceae,Onagraceae,Alstroemeriaceae,"Fuchsia, Bomarea, Cavendishia, Centropogon, Heliconia, Siphocampylus",Flor tubular,1,Bosque
40038,Brillantes,Coeligena,Coeligena coeligena,H,2069,33,66,35,7.3,No territorial,Ericaceae,Onagraceae,Alstroemeriaceae,"Fuchsia, Bomarea, Cavendishia, Centropogon, Heliconia, Siphocampylus",Flor tubular,1,Bosque
33906,Brillantes,Coeligena,Coeligena coeligena,H,1950,36,71,28,6,No territorial,Ericaceae,Onagraceae,Alstroemeriaceae,"Fuchsia, Bomarea, Cavendishia, Centropogon, Heliconia, Siphocampylus",Flor tubular,1,Bosque
33104,Brillantes,Coeligena,Coeligena coeligena,H,1460,27,67,40,6.3,No territorial,Ericaceae,Onagraceae,Alstroemeriaceae,"Fuchsia, Bomarea, Cavendishia, Centropogon, Heliconia, Siphocampylus",Flor tubular,1,Bosque
25973,Brillantes,Coeligena,Coeligena coeligena,H,2750,28,71,45,NA,No territorial,Ericaceae,Onagraceae,Alstroemeriaceae,"Fuchsia, Bomarea, Cavendishia, Centropogon, Heliconia, Siphocampylus",Flor tubular,1,Bosque
39556,Brillantes,Coeligena,Coeligena wilsoni,M,1544,31,73,47,6,No territorial,Ericaceae,,,"Psammisia, Satyria, Macleania, Cavendishia",,1,Bosque
37604,Brillantes,Coeligena,Coeligena wilsoni,M,1800,31,70,44,6.9,No territorial,Ericaceae,,,"Psammisia, Satyria, Macleania, Cavendishia",,1,Bosque
30334,Brillantes,Coeligena,Coeligena wilsoni,M,1140,32,72,41,6.5,No territorial,Ericaceae,,,"Psammisia, Satyria, Macleania, Cavendishia",,1,Bosque
32228,Brillantes,Coeligena,Coeligena wilsoni,M,1480,33,73,40,6.75,No territorial,Ericaceae,,,"Psammisia, Satyria, Macleania, Cavendishia",,1,Bosque
32227,Brillantes,Coeligena,Coeligena wilsoni,M,1475,32,65,45,6.7,No territorial,Ericaceae,,,"Psammisia, Satyria, Macleania, Cavendishia",,1,Bosque
31142,Brillantes,Coeligena,Coeligena wilsoni,H,1720,34,66,43,6.7,No territorial,Ericaceae,,,"Psammisia, Satyria, Macleania, Cavendishia",,1,Bosque
31161,Brillantes,Coeligena,Coeligena wilsoni,H,1720,33,64,42,6.25,No territorial,Ericaceae,,,"Psammisia, Satyria, Macleania, Cavendishia",,1,Bosque
30409,Brillantes,Coeligena,Coeligena wilsoni,H,1000,33,67,40,5.5,No territorial,Ericaceae,,,"Psammisia, Satyria, Macleania, Cavendishia",,1,Bosque
34926,Brillantes,Coeligena,Coeligena wilsoni,H,1320,35,64,37,NA,No territorial,Ericaceae,,,"Psammisia, Satyria, Macleania, Cavendishia",,1,Bosque
IAvH-A-17386,Brillantes,Coeligena,Coeligena wilsoni,H,1300,32,62,44,6.22,No territorial,Ericaceae,,,"Psammisia, Satyria, Macleania, Cavendishia",,1,Bosque
36451,Brillantes,Coeligena,Coeligena torquata,M,2450,36,79,52,7.25,No territorial,Ericaceae,Alstroemeriaceae,Loasaceae,"Bomarea carderi, Fuchsia, Loasa macrocupaea, Palicourea demissa, Vriesea",,1,Bosque
37450,Brillantes,Coeligena,Coeligena torquata,M,2270,35,81,47,7.3,No territorial,Ericaceae,Alstroemeriaceae,Loasaceae,"Bomarea carderi, Fuchsia, Loasa macrocupaea, Palicourea demissa, Vriesea",,1,Bosque
35505,Brillantes,Coeligena,Coeligena torquata,M,2550,33,77,53,7,No territorial,Ericaceae,Alstroemeriaceae,Loasaceae,"Bomarea carderi, Fuchsia, Loasa macrocupaea, Palicourea demissa, Vriesea",,1,Bosque
31320,Brillantes,Coeligena,Coeligena torquata,M,2600,31,77,49,NA,No territorial,Ericaceae,Alstroemeriaceae,Loasaceae,"Bomarea carderi, Fuchsia, Loasa macrocupaea, Palicourea demissa, Vriesea",,1,Bosque
10459,Brillantes,Coeligena,Coeligena torquata,M,1950,33,75,47,8,No territorial,Ericaceae,Alstroemeriaceae,Loasaceae,"Bomarea carderi, Fuchsia, Loasa macrocupaea, Palicourea demissa, Vriesea",,1,Bosque
33903,Brillantes,Coeligena,Coeligena torquata,H,1950,35,71,42,8,No territorial,Ericaceae,Alstroemeriaceae,Loasaceae,"Bomarea carderi, Fuchsia, Loasa macrocupaea, Palicourea demissa, Vriesea",,1,Bosque
35200,Brillantes,Coeligena,Coeligena torquata,H,2200,33,74,50,6.4,No territorial,Ericaceae,Alstroemeriaceae,Loasaceae,"Bomarea carderi, Fuchsia, Loasa macrocupaea, Palicourea demissa, Vriesea",,1,Bosque
36497,Brillantes,Coeligena,Coeligena torquata,H,2600,39,71,43,7,No territorial,Ericaceae,Alstroemeriaceae,Loasaceae,"Bomarea carderi, Fuchsia, Loasa macrocupaea, Palicourea demissa, Vriesea",,1,Bosque
25612,Brillantes,Coeligena,Coeligena torquata,H,2200,33,68,41,NA,No territorial,Ericaceae,Alstroemeriaceae,Loasaceae,"Bomarea carderi, Fuchsia, Loasa macrocupaea, Palicourea demissa, Vriesea",,1,Bosque
29280,Brillantes,Coeligena,Coeligena torquata,H,2800,37,73,44,NA,No territorial,Ericaceae,Alstroemeriaceae,Loasaceae,"Bomarea carderi, Fuchsia, Loasa macrocupaea, Palicourea demissa, Vriesea",,1,Bosque
33405,Brillantes,Coeligena,Coeligena lutetiae,M,3335,31,74,50,7.6,No territorial,Ericaceae,Onagraceae,,"Bomarea, Cavendishia, Fuchsia",,1,Bosque
7746,Brillantes,Coeligena,Coeligena lutetiae,M,3300,30,76,20,NA,No territorial,Ericaceae,Onagraceae,,"Bomarea, Cavendishia, Fuchsia",,1,Bosque
33700,Brillantes,Coeligena,Coeligena lutetiae,M,3250,31,77,49,8.7,No territorial,Ericaceae,Onagraceae,,"Bomarea, Cavendishia, Fuchsia",,1,Bosque
7745,Brillantes,Coeligena,Coeligena lutetiae,M,3300,31,77,44,NA,No territorial,Ericaceae,Onagraceae,,"Bomarea, Cavendishia, Fuchsia",,1,Bosque
7744,Brillantes,Coeligena,Coeligena lutetiae,M,3000,29,77,43,NA,No territorial,Ericaceae,Onagraceae,,"Bomarea, Cavendishia, Fuchsia",,1,Bosque
33739,Brillantes,Coeligena,Coeligena lutetiae,H,3300,32,71,44,7.6,No territorial,Ericaceae,Onagraceae,,"Bomarea, Cavendishia, Fuchsia",,1,Bosque
26242,Brillantes,Coeligena,Coeligena lutetiae,H,28000,35,67,41,NA,No territorial,Ericaceae,Onagraceae,,"Bomarea, Cavendishia, Fuchsia",,1,Bosque
26199,Brillantes,Coeligena,Coeligena lutetiae,H,2970,31,67,41,NA,No territorial,Ericaceae,Onagraceae,,"Bomarea, Cavendishia, Fuchsia",,1,Bosque
26252,Brillantes,Coeligena,Coeligena lutetiae,H,2800,33,63,39,NA,No territorial,Ericaceae,Onagraceae,,"Bomarea, Cavendishia, Fuchsia",,1,Bosque
26149,Brillantes,Coeligena,Coeligena lutetiae,H,2970,30,71,35,NA,No territorial,Ericaceae,Onagraceae,,"Bomarea, Cavendishia, Fuchsia",,1,Bosque
35509,Brillantes,Coeligena,Coeligena prunellei,M,2200,27,77,48,7.7,No territorial,Ericaceae,Acanthaceae,Campanulaceae,"Aetanthus, Aphelandra, Burmeistera globosa, Fuchsia",,1,Bosque
35603,Brillantes,Coeligena,Coeligena prunellei,M,2000,27,76,47,7,No territorial,Ericaceae,Acanthaceae,Campanulaceae,,,1,Bosque
35979,Brillantes,Coeligena,Coeligena prunellei,M,2080,27,77,47,6.9,No territorial,Ericaceae,Acanthaceae,Campanulaceae,,,1,Bosque
35601,Brillantes,Coeligena,Coeligena prunellei,M,2000,26,82,52,7.2,No territorial,Ericaceae,Acanthaceae,Campanulaceae,,,1,Bosque
20480,Brillantes,Coeligena,Coeligena prunellei,M,2200,27,79,51,NA,No territorial,Ericaceae,Acanthaceae,Campanulaceae,,,1,Bosque
39978,Brillantes,Coeligena,Coeligena prunellei,H,2380,28,73,41,6,No territorial,Ericaceae,Acanthaceae,Campanulaceae,,,1,Bosque
23385,Brillantes,Coeligena,Coeligena prunellei,H,2150,28,72,38,NA,No territorial,Ericaceae,Acanthaceae,Campanulaceae,,,1,Bosque
25385,Brillantes,Coeligena,Coeligena prunellei,H,2150,28,72,47,NA,No territorial,Ericaceae,Acanthaceae,Campanulaceae,,,1,Bosque
17275,Brillantes,Coeligena,Coeligena prunellei,H,2000,30,70,41,NA,No territorial,Ericaceae,Acanthaceae,Campanulaceae,,,1,Bosque
25386,Brillantes,Coeligena,Coeligena prunellei,H,1995,28,71,44,NA,No territorial,Ericaceae,Acanthaceae,Campanulaceae,,,1,Bosque
38141,Brillantes,Coeligena,Coeligena helianthea,M,2918,29,70,44,6.9,No territorial,Ericaceae,Campanulaceae,,"Bejaria, Shiphocampylus columnae, Centropogon",,1,Bosque
37028,Brillantes,Coeligena,Coeligena helianthea,M,2850,28,68,44,6.6,No territorial,Ericaceae,Campanulaceae,,"Bejaria, Shiphocampylus columnae, Centropogon",,1,Bosque
22165,Brillantes,Coeligena,Coeligena helianthea,M,2700,28,70,43,NA,No territorial,Ericaceae,Campanulaceae,,"Bejaria, Shiphocampylus columnae, Centropogon",,1,Bosque
7743,Brillantes,Coeligena,Coeligena helianthea,M,1923,30,75,45,NA,No territorial,Ericaceae,Campanulaceae,,"Bejaria, Shiphocampylus columnae, Centropogon",,1,Bosque
7740,Brillantes,Coeligena,Coeligena helianthea,M,1923,29,78,46,NA,No territorial,Ericaceae,Campanulaceae,,"Bejaria, Shiphocampylus columnae, Centropogon",,1,Bosque
35287,Brillantes,Coeligena,Coeligena helianthea,H,2950,30,70,45,6,No territorial,Ericaceae,Campanulaceae,,"Bejaria, Shiphocampylus columnae, Centropogon",,1,Bosque
36970,Brillantes,Coeligena,Coeligena helianthea,H,2950,31,71,48,NA,No territorial,Ericaceae,Campanulaceae,,"Bejaria, Shiphocampylus columnae, Centropogon",,1,Bosque
36661,Brillantes,Coeligena,Coeligena helianthea,H,2950,31,67,42,5.8,No territorial,Ericaceae,Campanulaceae,,"Bejaria, Shiphocampylus columnae, Centropogon",,1,Bosque
22164,Brillantes,Coeligena,Coeligena helianthea,H,2700,31,65,41,NA,No territorial,Ericaceae,Campanulaceae,,"Bejaria, Shiphocampylus columnae, Centropogon",,1,Bosque
22164,Brillantes,Coeligena,Coeligena helianthea,H,2700,32,70,41,NA,No territorial,Ericaceae,Campanulaceae,,"Bejaria, Shiphocampylus columnae, Centropogon",,1,Bosque
34450,Brillantes,Coeligena,Coeligena bonapartei,M,2900,27,66,48,6.5,No territorial,Ericaceae,Alstroemeriaceae,Onagraceae,"Bomarea, Cavendishia, Fuchsia, Macleania, Mutisia, Palicourea",,1,Bosque
39981,Brillantes,Coeligena,Coeligena bonapartei,M,3130,27,75,49,6.1,No territorial,Ericaceae,Alstroemeriaceae,Onagraceae,"Bomarea, Cavendishia, Fuchsia, Macleania, Mutisia, Palicourea",,1,Bosque
35147,Brillantes,Coeligena,Coeligena bonapartei,M,2900,28,77,42,6.8,No territorial,Ericaceae,Alstroemeriaceae,Onagraceae,"Bomarea, Cavendishia, Fuchsia, Macleania, Mutisia, Palicourea",,1,Bosque
36897,Brillantes,Coeligena,Coeligena bonapartei,M,3200,29,78,43,6.75,No territorial,Ericaceae,Alstroemeriaceae,Onagraceae,"Bomarea, Cavendishia, Fuchsia, Macleania, Mutisia, Palicourea",,1,Bosque
7695,Brillantes,Coeligena,Coeligena bonapartei,M,1923,29,77,44,NA,No territorial,Ericaceae,Alstroemeriaceae,Onagraceae,"Bomarea, Cavendishia, Fuchsia, Macleania, Mutisia, Palicourea",,1,Bosque
36894,Brillantes,Coeligena,Coeligena bonapartei,H,3200,28,73,40,6.5,No territorial,Ericaceae,Alstroemeriaceae,Onagraceae,"Bomarea, Cavendishia, Fuchsia, Macleania, Mutisia, Palicourea",,1,Bosque
35146,Brillantes,Coeligena,Coeligena bonapartei,H,2900,32,69,44,6.3,No territorial,Ericaceae,Alstroemeriaceae,Onagraceae,"Bomarea, Cavendishia, Fuchsia, Macleania, Mutisia, Palicourea",,1,Bosque
35142,Brillantes,Coeligena,Coeligena bonapartei,H,2850,27,65,38,6.25,No territorial,Ericaceae,Alstroemeriaceae,Onagraceae,"Bomarea, Cavendishia, Fuchsia, Macleania, Mutisia, Palicourea",,1,Bosque
7691,Brillantes,Coeligena,Coeligena bonapartei,H,2650,32,70,45,NA,No territorial,Ericaceae,Alstroemeriaceae,Onagraceae,"Bomarea, Cavendishia, Fuchsia, Macleania, Mutisia, Palicourea",,1,Bosque
7692,Brillantes,Coeligena,Coeligena bonapartei,H,2650,31,71,42,NA,No territorial,Ericaceae,Alstroemeriaceae,Onagraceae,"Bomarea, Cavendishia, Fuchsia, Macleania, Mutisia, Palicourea",,1,Bosque
36823,Brillantes,Lafresnaya,Lafresnaya lafresnayi,M,3025,24,66,39,5.1,No territorial,Ericaceae,Campanulaceae,,"Bejaria, Shiphocampylux columnae, Centropogon",,1,Bosque
38530,Brillantes,Lafresnaya,Lafresnaya lafresnayi,M,2472,25,63,36,5.8,No territorial,Ericaceae,Campanulaceae,,"Bejaria, Shiphocampylux columnae, Centropogon",,1,Bosque
35834,Brillantes,Lafresnaya,Lafresnaya lafresnayi,M,1700,23,63,39,5.25,No territorial,Ericaceae,Campanulaceae,,"Bejaria, Shiphocampylux columnae, Centropogon",,1,Bosque
35290,Brillantes,Lafresnaya,Lafresnaya lafresnayi,M,2850,25,64,36,5.5,No territorial,Ericaceae,Campanulaceae,,"Bejaria, Shiphocampylux columnae, Centropogon",,1,Bosque
27349,Brillantes,Lafresnaya,Lafresnaya lafresnayi,M,2630,24,62,37,NA,No territorial,Ericaceae,Campanulaceae,,"Bejaria, Shiphocampylux columnae, Centropogon",,1,Bosque
38033,Brillantes,Lafresnaya,Lafresnaya lafresnayi,H,3960,25,62,37,4.6,No territorial,Ericaceae,Campanulaceae,,"Bejaria, Shiphocampylux columnae, Centropogon",,1,Bosque
37085,Brillantes,Lafresnaya,Lafresnaya lafresnayi,H,2500,25,63,38,5,No territorial,Ericaceae,Campanulaceae,,"Bejaria, Shiphocampylux columnae, Centropogon",,1,Bosque
36425,Brillantes,Lafresnaya,Lafresnaya lafresnayi,H,3100,26,62,37,5,No territorial,Ericaceae,Campanulaceae,,"Bejaria, Shiphocampylux columnae, Centropogon",,1,Bosque
40012,Brillantes,Lafresnaya,Lafresnaya lafresnayi,H,2930,25,55,38,4.9,No territorial,Ericaceae,Campanulaceae,,"Bejaria, Shiphocampylux columnae, Centropogon",,1,Bosque
35857,Brillantes,Lafresnaya,Lafresnaya lafresnayi,H,2800,25,60,39,5,No territorial,Ericaceae,Campanulaceae,,"Bejaria, Shiphocampylux columnae, Centropogon",,1,Bosque
34286,Brillantes,Ensifera,Ensifera ensifera,M,3100,76,72,56,9.6,No territorial,Ericaceae,Solanaceae,Passifloraceae,"Aetanthus, Fuchsia, Salpichroa solanum, Datura sanguinea, Datura tatula, Passiflora mixta, Tacsonia pinnatistiplua",,1,Bosque
37842,Brillantes,Ensifera,Ensifera ensifera,M,1900,75,75,58,9.7,No territorial,Ericaceae,Solanaceae,Passifloraceae,"Aetanthus, Fuchsia, Salpichroa solanum, Datura sanguinea, Datura tatula, Passiflora mixta, Tacsonia pinnatistiplua",,1,Bosque
25965,Brillantes,Ensifera,Ensifera ensifera,M,2820,83,76,60,NA,No territorial,Ericaceae,Solanaceae,Passifloraceae,"Aetanthus, Fuchsia, Salpichroa solanum, Datura sanguinea, Datura tatula, Passiflora mixta, Tacsonia pinnatistiplua",,1,Bosque
39500,Brillantes,Ensifera,Ensifera ensifera,M,3000,76,75,65,10.6,No territorial,Ericaceae,Solanaceae,Passifloraceae,"Aetanthus, Fuchsia, Salpichroa solanum, Datura sanguinea, Datura tatula, Passiflora mixta, Tacsonia pinnatistiplua",,1,Bosque
25963,Brillantes,Ensifera,Ensifera ensifera,M,2820,83,76,59,NA,No territorial,Ericaceae,Solanaceae,Passifloraceae,"Aetanthus, Fuchsia, Salpichroa solanum, Datura sanguinea, Datura tatula, Passiflora mixta, Tacsonia pinnatistiplua",,1,Bosque
33811,Brillantes,Ensifera,Ensifera ensifera,H,3350,80,76,49,11,No territorial,Ericaceae,Solanaceae,Passifloraceae,"Aetanthus, Fuchsia, Salpichroa solanum, Datura sanguinea, Datura tatula, Passiflora mixta, Tacsonia pinnatistiplua",,1,Bosque
IAvH-A-11863,Brillantes,Ensifera,Ensifera ensifera,H,3180,82,74,54,8,No territorial,Ericaceae,Solanaceae,Passifloraceae,"Aetanthus, Fuchsia, Salpichroa solanum, Datura sanguinea, Datura tatula, Passiflora mixta, Tacsonia pinnatistiplua",,1,Bosque
IAvH-A-11858,Brillantes,Ensifera,Ensifera ensifera,H,3180,89,72,49,8,No territorial,Ericaceae,Solanaceae,Passifloraceae,"Aetanthus, Fuchsia, Salpichroa solanum, Datura sanguinea, Datura tatula, Passiflora mixta, Tacsonia pinnatistiplua",,1,Bosque
37435,Brillantes,Boissonneaua,Boissonneaua flavescens,M,2270,18,75,45,8.5,No territorial,Ericaceae,Rubiaceae,Melastomataceae,"Cavendishia, Palicourea, Disterigma,Huilaea",,1,Bosque
38145,Brillantes,Boissonneaua,Boissonneaua flavescens,M,2115,15,80,45,8.7,No territorial,Ericaceae,Rubiaceae,Melastomataceae,"Cavendishia, Palicourea, Disterigma,Huilaea",,1,Bosque
40056,Brillantes,Boissonneaua,Boissonneaua flavescens,M,2069,15,78,48,7.5,No territorial,Ericaceae,Rubiaceae,Melastomataceae,"Cavendishia, Palicourea, Disterigma,Huilaea",,1,Bosque
33472,Brillantes,Boissonneaua,Boissonneaua flavescens,M,2400,16,77,49,NA,No territorial,Ericaceae,Rubiaceae,Melastomataceae,"Cavendishia, Palicourea, Disterigma,Huilaea",,1,Bosque
26825,Brillantes,Boissonneaua,Boissonneaua flavescens,M,2620,17,75,50,NA,No territorial,Ericaceae,Rubiaceae,Melastomataceae,"Cavendishia, Palicourea, Disterigma,Huilaea",,1,Bosque
37540,Brillantes,Boissonneaua,Boissonneaua flavescens,H,2880,18,74,48,8,No territorial,Ericaceae,Rubiaceae,Melastomataceae,"Cavendishia, Palicourea, Disterigma,Huilaea",,1,Bosque
28767,Brillantes,Boissonneaua,Boissonneaua flavescens,H,2620,18,71,45,NA,No territorial,Ericaceae,Rubiaceae,Melastomataceae,"Cavendishia, Palicourea, Disterigma,Huilaea",,1,Bosque
26005,Brillantes,Boissonneaua,Boissonneaua flavescens,H,2600,20,73,43,NA,No territorial,Ericaceae,Rubiaceae,Melastomataceae,"Cavendishia, Palicourea, Disterigma,Huilaea",,1,Bosque
26873,Brillantes,Boissonneaua,Boissonneaua flavescens,H,2650,17,73,46,NA,No territorial,Ericaceae,Rubiaceae,Melastomataceae,"Cavendishia, Palicourea, Disterigma,Huilaea",,1,Bosque
25861,Brillantes,Boissonneaua,Boissonneaua flavescens,H,2600,19,74,46,NA,No territorial,Ericaceae,Rubiaceae,Melastomataceae,"Cavendishia, Palicourea, Disterigma,Huilaea",,1,Bosque
13899,Brillantes,Ocreatus,Ocreatus  underwoodii,M,2000,13,46,N/A,NA,No territorial,Rubiaceae,Clusiaceae,Ericaceae,"Palicourea, Clusia, Inga, Cavendishia,Bromeliads.",,1,Bosque
28324,Brillantes,Ocreatus,Ocreatus  underwoodii,M,1290,14,45,76,3,No territorial,Rubiaceae,Clusiaceae,Ericaceae,"Palicourea, Clusia, Inga, Cavendishia,Bromeliads.",,1,Bosque
27254,Brillantes,Ocreatus,Ocreatus  underwoodii,M,2000,12,44,81,2.6,No territorial,Rubiaceae,Clusiaceae,Ericaceae,"Palicourea, Clusia, Inga, Cavendishia,Bromeliads.",,1,Bosque
31160,Brillantes,Ocreatus,Ocreatus  underwoodii,M,1570,12,40,N/A,2.7,No territorial,Rubiaceae,Clusiaceae,Ericaceae,"Palicourea, Clusia, Inga, Cavendishia,Bromeliads.",,1,Bosque
37202,Brillantes,Ocreatus,Ocreatus  underwoodii,M,1900,12,43,88,2.6,No territorial,Rubiaceae,Clusiaceae,Ericaceae,"Palicourea, Clusia, Inga, Cavendishia,Bromeliads.",,1,Bosque
36397,Brillantes,Ocreatus,Ocreatus  underwoodii,H,1750,13,42,32,2.8,No territorial,Rubiaceae,Clusiaceae,Ericaceae,"Palicourea, Clusia, Inga, Cavendishia,Bromeliads.",,1,Bosque
8001,Brillantes,Ocreatus,Ocreatus  underwoodii,H,2300,15,37,31,NA,No territorial,Rubiaceae,Clusiaceae,Ericaceae,"Palicourea, Clusia, Inga, Cavendishia,Bromeliads.",,1,Bosque
35819,Brillantes,Ocreatus,Ocreatus  underwoodii,H,2100,14,44,35,2.75,No territorial,Rubiaceae,Clusiaceae,Ericaceae,"Palicourea, Clusia, Inga, Cavendishia,Bromeliads.",,1,Bosque
35604,Brillantes,Ocreatus,Ocreatus  underwoodii,H,2010,14,41,35,NA,No territorial,Rubiaceae,Clusiaceae,Ericaceae,"Palicourea, Clusia, Inga, Cavendishia,Bromeliads.",,1,Bosque
8002,Brillantes,Ocreatus,Ocreatus  underwoodii,H,1765,13,43,35,NA,No territorial,Rubiaceae,Clusiaceae,Ericaceae,"Palicourea, Clusia, Inga, Cavendishia,Bromeliads.",,1,Bosque
34928,Brillantes,Urosticte,Urosticte benjamini,M,1160,19,50,39,3.9,No territorial,Ericaceae,Rubiaceae,Bromeliaceae,,,1,Bosque
32291,Brillantes,Urosticte,Urosticte benjamini,M,1360,18,49,33,3.8,No territorial,Ericaceae,Rubiaceae,Bromeliaceae,,,1,Bosque
30336,Brillantes,Urosticte,Urosticte benjamini,M,1140,19,51,34,3,No territorial,Ericaceae,Rubiaceae,Bromeliaceae,,,1,Bosque
2650,Brillantes,Urosticte,Urosticte benjamini,M,1750,18,49,37,NA,No territorial,Ericaceae,Rubiaceae,Bromeliaceae,,,1,Bosque
31197,Brillantes,Urosticte,Urosticte benjamini,M,1730,23,48,38,4.15,No territorial,Ericaceae,Rubiaceae,Bromeliaceae,,,1,Bosque
34927,Brillantes,Urosticte,Urosticte benjamini,H,1300,18,46,25,NA,No territorial,Ericaceae,Rubiaceae,Bromeliaceae,,,1,Bosque
30337,Brillantes,Urosticte,Urosticte benjamini,H,1140,18,49,23,3,No territorial,Ericaceae,Rubiaceae,Bromeliaceae,,,1,Bosque
32261,Brillantes,Urosticte,Urosticte benjamini,H,1480,19,46,33,3.65,No territorial,Ericaceae,Rubiaceae,Bromeliaceae,,,1,Bosque
30402,Brillantes,Urosticte,Urosticte benjamini,H,1000,19,49,28,3.5,No territorial,Ericaceae,Rubiaceae,Bromeliaceae,,,1,Bosque
31202,Brillantes,Urosticte,Urosticte benjamini,H,1730,23,47,33,3.95,No territorial,Ericaceae,Rubiaceae,Bromeliaceae,,,1,Bosque
15988,Brillantes,Heliodoxa,Heliodoxa  rubinoides,M,1230,19,72,47,NA,No territorial,Fabaceae,,,"Inga, Erythrina",,1,Bosque
27241,Brillantes,Heliodoxa,Heliodoxa  rubinoides,M,2000,20,67,40,NA,No territorial,Fabaceae,,,"Inga, Erythrina",,1,Bosque
7654,Brillantes,Heliodoxa,Heliodoxa  rubinoides,M,1765,20,70,47,NA,No territorial,Fabaceae,,,"Inga, Erythrina",,1,Bosque
IAvH-A-12478,Brillantes,Heliodoxa,Heliodoxa  rubinoides,M,2030,20,71,56,7,No territorial,Fabaceae,,,"Inga, Erythrina",,1,Bosque
IAvH-A-13339,Brillantes,Heliodoxa,Heliodoxa  rubinoides,M,2680,21,65,36,7.1,No territorial,Fabaceae,,,"Inga, Erythrina",,1,Bosque
38540,Brillantes,Heliodoxa,Heliodoxa  rubinoides,H,2500,22,65,46,5.88,No territorial,Fabaceae,,,"Inga, Erythrina",,1,Bosque
34713,Brillantes,Heliodoxa,Heliodoxa  rubinoides,H,2280,20,65,43,6.8,No territorial,Fabaceae,,,"Inga, Erythrina",,1,Bosque
27750,Brillantes,Heliodoxa,Heliodoxa  rubinoides,H,1290,19,66,40,NA,No territorial,Fabaceae,,,"Inga, Erythrina",,1,Bosque
25688,Brillantes,Heliodoxa,Heliodoxa  rubinoides,H,2200,22,67,46,NA,No territorial,Fabaceae,,,"Inga, Erythrina",,1,Bosque
7652,Brillantes,Heliodoxa,Heliodoxa  rubinoides,H,2300,20,65,39,NA,No territorial,Fabaceae,,,"Inga, Erythrina",,1,Bosque
31082,Brillantes,Heliodoxa,Heliodoxa  imperatrix,M,1700,23,73,93,NA,No territorial,Ericaceae,Marcgraviaceae,,"Marcgravia, Marcgraviastrum",,1,Bosque
30416,Brillantes,Heliodoxa,Heliodoxa  imperatrix,M,1400,23,73,32,NA,No territorial,Ericaceae,Marcgraviaceae,,"Marcgravia, Marcgraviastrum",,1,Bosque
31180,Brillantes,Heliodoxa,Heliodoxa  imperatrix,M,1730,23,72,88,NA,No territorial,Ericaceae,Marcgraviaceae,,"Marcgravia, Marcgraviastrum",,1,Bosque
35504,Brillantes,Heliodoxa,Heliodoxa  imperatrix,M,1400,24,74,68,NA,No territorial,Ericaceae,Marcgraviaceae,,"Marcgravia, Marcgraviastrum",,1,Bosque
30421,Brillantes,Heliodoxa,Heliodoxa  imperatrix,M,1400,23,74,72,NA,No territorial,Ericaceae,Marcgraviaceae,,"Marcgravia, Marcgraviastrum",,1,Bosque
32292,Brillantes,Heliodoxa,Heliodoxa  imperatrix,H,1350,24,69,47,NA,No territorial,Ericaceae,Marcgraviaceae,,"Marcgravia, Marcgraviastrum",,1,Bosque
34373,Brillantes,Heliodoxa,Heliodoxa  imperatrix,H,1380,24,67,60,NA,No territorial,Ericaceae,Marcgraviaceae,,"Marcgravia, Marcgraviastrum",,1,Bosque
30331,Brillantes,Heliodoxa,Heliodoxa  imperatrix,H,1140,24,71,49,NA,No territorial,Ericaceae,Marcgraviaceae,,"Marcgravia, Marcgraviastrum",,1,Bosque
39555,Brillantes,Heliodoxa,Heliodoxa  imperatrix,H,1544,23,68,56,NA,No territorial,Ericaceae,Marcgraviaceae,,"Marcgravia, Marcgraviastrum",,1,Bosque
37451,Brillantes,Heliodoxa,Heliodoxa  imperatrix,H,2270,24,68,56,NA,No territorial,Ericaceae,Marcgraviaceae,,"Marcgravia, Marcgraviastrum",,1,Bosque
34662,Brillantes,Heliodoxa,Heliodoxa  jacula,M,1550,21,75,64,NA,No territorial,Ericaceae,Gesneriaceae,Heliconiaceae,"Marcgravia, Drymonia, Cephaelis, Heliconia ",,1,Bosque
32826,Brillantes,Heliodoxa,Heliodoxa  jacula,M,1480,22,73,53,7.8,No territorial,Ericaceae,Gesneriaceae,Heliconiaceae,"Marcgravia, Drymonia, Cephaelis, Heliconia ",,1,Bosque
35764,Brillantes,Heliodoxa,Heliodoxa  jacula,M,1530,22,75,58,7.2,No territorial,Ericaceae,Gesneriaceae,Heliconiaceae,"Marcgravia, Drymonia, Cephaelis, Heliconia ",,1,Bosque
29457,Brillantes,Heliodoxa,Heliodoxa  jacula,M,300,21,75,48,NA,No territorial,Ericaceae,Gesneriaceae,Heliconiaceae,"Marcgravia, Drymonia, Cephaelis, Heliconia ",,1,Bosque
27201,Brillantes,Heliodoxa,Heliodoxa  jacula,M,805,22,67,44,NA,No territorial,Ericaceae,Gesneriaceae,Heliconiaceae,"Marcgravia, Drymonia, Cephaelis, Heliconia ",,1,Bosque
32760,Brillantes,Heliodoxa,Heliodoxa  jacula,H,1550,20,63,32,6.1,No territorial,Ericaceae,Gesneriaceae,Heliconiaceae,"Marcgravia, Drymonia, Cephaelis, Heliconia ",,1,Bosque
33525,Brillantes,Heliodoxa,Heliodoxa  jacula,H,1550,24,64,45,NA,No territorial,Ericaceae,Gesneriaceae,Heliconiaceae,"Marcgravia, Drymonia, Cephaelis, Heliconia ",,1,Bosque
33843,Brillantes,Heliodoxa,Heliodoxa  jacula,H,1200,20,68,46,7.1,No territorial,Ericaceae,Gesneriaceae,Heliconiaceae,"Marcgravia, Drymonia, Cephaelis, Heliconia ",,1,Bosque
36144,Brillantes,Heliodoxa,Heliodoxa  jacula,H,1000,21,67,48,6.75,No territorial,Ericaceae,Gesneriaceae,Heliconiaceae,"Marcgravia, Drymonia, Cephaelis, Heliconia ",,1,Bosque
34425,Brillantes,Heliodoxa,Heliodoxa  jacula,H,1600,23,65,44,NA,No territorial,Ericaceae,Gesneriaceae,Heliconiaceae,"Marcgravia, Drymonia, Cephaelis, Heliconia ",,1,Bosque
32167,Brillantes,Heliodoxa,Heliodoxa  leadbeateri,M,900,19,65,46,6.6,No territorial,,,,,,1,Bosque
34983,Brillantes,Heliodoxa,Heliodoxa  leadbeateri,M,1820,18,70,54,7.1,No territorial,,,,,,1,Bosque
36394,Brillantes,Heliodoxa,Heliodoxa  leadbeateri,M,1660,18,69,50,7,No territorial,,,,,,1,Bosque
33116,Brillantes,Heliodoxa,Heliodoxa  leadbeateri,M,1200,19,70,47,6.6,No territorial,,,,,,1,Bosque
25248,Brillantes,Heliodoxa,Heliodoxa  leadbeateri,M,1600,19,67,54,NA,No territorial,,,,,,1,Bosque
34991,Brillantes,Heliodoxa,Heliodoxa  leadbeateri,H,1909,19,64,38,7.8,No territorial,,,,,,1,Bosque
39213,Brillantes,Heliodoxa,Heliodoxa  leadbeateri,H,2250,19,65,36,6.7,No territorial,,,,,,1,Bosque
35314,Brillantes,Heliodoxa,Heliodoxa  leadbeateri,H,925,22,64,38,7.4,No territorial,,,,,,1,Bosque
34772,Brillantes,Heliodoxa,Heliodoxa  leadbeateri,H,1800,19,63,39,6.1,No territorial,,,,,,1,Bosque
36249,Brillantes,Heliodoxa,Heliodoxa  leadbeateri,H,1150,20,63,38,5.6,No territorial,,,,,,1,Bosque
35656,Brillantes,Heliomaster,Heliomaster longirostris,M,400,29,56,32,5.8,No territorial,Fabaceae,Heliconiaceae,,"Erythrina, Heliconia",,1,Bosque
38970,Brillantes,Heliomaster,Heliomaster longirostris,M,190,29,68,35,6.4,No territorial,Fabaceae,Heliconiaceae,,"Erythrina, Heliconia",,1,Bosque
28720,Brillantes,Heliomaster,Heliomaster longirostris,M,190,33,59,33,3,No territorial,Fabaceae,Heliconiaceae,,"Erythrina, Heliconia",,1,Bosque
IAvH-A-5969,Brillantes,Heliomaster,Heliomaster longirostris,M,238,32,47,34,NA,No territorial,Fabaceae,Heliconiaceae,,"Erythrina, Heliconia",,1,Bosque
13571,Brillantes,Heliomaster,Heliomaster longirostris,M,182,32,59,32,NA,No territorial,Fabaceae,Heliconiaceae,,"Erythrina, Heliconia",,1,Bosque
39869,Brillantes,Heliomaster,Heliomaster longirostris,H,1312,35,59,35,7.4,No territorial,Fabaceae,Heliconiaceae,,"Erythrina, Heliconia",,1,Bosque
37510,Coquetas,Heliangelus,Heliangelus amethysticolis,M,2005,17,70,39,5,No territorial,Ericaceae,Rubiaceae,Acanthaceae,"Cavenshia, Palicourea, Aphelandra, Guzmania, Disterigma, Fuchsia, Brachyotum",,1,Bosque
35192,Coquetas,Heliangelus,Heliangelus amethysticolis,M,2800,17,68,47,5.7,No territorial,Ericaceae,Rubiaceae,Acanthaceae,"Cavenshia, Palicourea, Aphelandra, Guzmania, Disterigma, Fuchsia, Brachyotum",,1,Bosque
38648,Coquetas,Heliangelus,Heliangelus amethysticolis,M,2800,16,69,40,5.95,No territorial,Ericaceae,Rubiaceae,Acanthaceae,"Cavenshia, Palicourea, Aphelandra, Guzmania, Disterigma, Fuchsia, Brachyotum",,1,Bosque
36663,Coquetas,Heliangelus,Heliangelus amethysticolis,M,2950,18,66,43,6.3,No territorial,Ericaceae,Rubiaceae,Acanthaceae,"Cavenshia, Palicourea, Aphelandra, Guzmania, Disterigma, Fuchsia, Brachyotum",,1,Bosque
37537,Coquetas,Heliangelus,Heliangelus amethysticolis,M,2880,15,67,45,6,No territorial,Ericaceae,Rubiaceae,Acanthaceae,"Cavenshia, Palicourea, Aphelandra, Guzmania, Disterigma, Fuchsia, Brachyotum",,1,Bosque
36658,Coquetas,Heliangelus,Heliangelus amethysticolis,H,2950,17,57,36,5,No territorial,Ericaceae,Rubiaceae,Acanthaceae,"Cavenshia, Palicourea, Aphelandra, Guzmania, Disterigma, Fuchsia, Brachyotum",,1,Bosque
36308,Coquetas,Heliangelus,Heliangelus amethysticolis,H,2735,18,59,39,4.5,No territorial,Ericaceae,Rubiaceae,Acanthaceae,"Cavenshia, Palicourea, Aphelandra, Guzmania, Disterigma, Fuchsia, Brachyotum",,1,Bosque
36408,Coquetas,Heliangelus,Heliangelus amethysticolis,H,3100,17,61,45,4.85,No territorial,Ericaceae,Rubiaceae,Acanthaceae,"Cavenshia, Palicourea, Aphelandra, Guzmania, Disterigma, Fuchsia, Brachyotum",,1,Bosque
33363,Coquetas,Heliangelus,Heliangelus amethysticolis,H,3075,17,60,45,5.3,No territorial,Ericaceae,Rubiaceae,Acanthaceae,"Cavenshia, Palicourea, Aphelandra, Guzmania, Disterigma, Fuchsia, Brachyotum",,1,Bosque
25586,Coquetas,Heliangelus,Heliangelus amethysticolis,H,2000,17,62,38,NA,No territorial,Ericaceae,Rubiaceae,Acanthaceae,"Cavenshia, Palicourea, Aphelandra, Guzmania, Disterigma, Fuchsia, Brachyotum",,1,Bosque
38003,Coquetas,Heliangelus,Heliangelus exortis,M,3000,16,64,48,5,No territorial,Lamiaceae,Campanulaceae,Onagraceae,"Salvia, Centropogon, Fuchsia",,1,Bosque
36017,Coquetas,Heliangelus,Heliangelus exortis,M,2800,16,67,46,5.3,No territorial,Lamiaceae,Campanulaceae,Onagraceae,"Salvia, Centropogon, Fuchsia",,1,Bosque
26007,Coquetas,Heliangelus,Heliangelus exortis,M,2600,14,67,49,NA,No territorial,Lamiaceae,Campanulaceae,Onagraceae,"Salvia, Centropogon, Fuchsia",,1,Bosque
7826,Coquetas,Heliangelus,Heliangelus exortis,M,2650,14,65,46,NA,No territorial,Lamiaceae,Campanulaceae,Onagraceae,"Salvia, Centropogon, Fuchsia",,1,Bosque
29281,Coquetas,Heliangelus,Heliangelus exortis,M,2800,15,61,47,NA,No territorial,Lamiaceae,Campanulaceae,Onagraceae,"Salvia, Centropogon, Fuchsia",,1,Bosque
33473,Coquetas,Heliangelus,Heliangelus exortis,H,2400,16,58,43,NA,No territorial,Lamiaceae,Campanulaceae,Onagraceae,"Salvia, Centropogon, Fuchsia",,1,Bosque
29253,Coquetas,Heliangelus,Heliangelus exortis,H,2800,15,58,41,NA,No territorial,Lamiaceae,Campanulaceae,Onagraceae,"Salvia, Centropogon, Fuchsia",,1,Bosque
37753,Coquetas,Heliangelus,Heliangelus exortis,H,2850,17,58,42,4.1,No territorial,Lamiaceae,Campanulaceae,Onagraceae,"Salvia, Centropogon, Fuchsia",,1,Bosque
31789,Coquetas,Heliangelus,Heliangelus exortis,H,2600,13,59,44,3,No territorial,Lamiaceae,Campanulaceae,Onagraceae,"Salvia, Centropogon, Fuchsia",,1,Bosque
7838,Coquetas,Heliangelus,Heliangelus exortis,H,2800,16,57,43,NA,No territorial,Lamiaceae,Campanulaceae,Onagraceae,"Salvia, Centropogon, Fuchsia",,1,Bosque
32674,Coquetas,Adelomyia,Adelomyia melanogenys,M,1800,13,54,33,3.5,No territorial,Asteraceae,Campanulaceae,Onagraceae,"Lobelia, Fuchsia, Psammisia, Palicourea,Bomarea",Compuesta,1,Bosque
32663,Coquetas,Adelomyia,Adelomyia melanogenys,M,1800,14,54,35,3.9,No territorial,Asteraceae,Campanulaceae,Onagraceae,"Lobelia, Fuchsia, Psammisia, Palicourea,Bomarea",Compuesta,1,Bosque
25613,Coquetas,Adelomyia,Adelomyia melanogenys,M,2200,14,51,33,NA,No territorial,Asteraceae,Campanulaceae,Onagraceae,"Lobelia, Fuchsia, Psammisia, Palicourea,Bomarea",Compuesta,1,Bosque
25602,Coquetas,Adelomyia,Adelomyia melanogenys,M,2200,15,55,36,NA,No territorial,Asteraceae,Campanulaceae,Onagraceae,"Lobelia, Fuchsia, Psammisia, Palicourea,Bomarea",Compuesta,1,Bosque
34757,Coquetas,Adelomyia,Adelomyia melanogenys,M,1650,15,53,37,4,No territorial,Asteraceae,Campanulaceae,Onagraceae,"Lobelia, Fuchsia, Psammisia, Palicourea,Bomarea",Compuesta,1,Bosque
32666,Coquetas,Adelomyia,Adelomyia melanogenys,H,1800,13,49,33,3.5,No territorial,Asteraceae,Campanulaceae,Onagraceae,"Lobelia, Fuchsia, Psammisia, Palicourea,Bomarea",Compuesta,1,Bosque
39413,Coquetas,Adelomyia,Adelomyia melanogenys,H,1585,14,54,39,4.3,No territorial,Asteraceae,Campanulaceae,Onagraceae,"Lobelia, Fuchsia, Psammisia, Palicourea,Bomarea",Compuesta,1,Bosque
33152,Coquetas,Adelomyia,Adelomyia melanogenys,H,1970,15,48,30,3.5,No territorial,Asteraceae,Campanulaceae,Onagraceae,"Lobelia, Fuchsia, Psammisia, Palicourea,Bomarea",Compuesta,1,Bosque
25631,Coquetas,Adelomyia,Adelomyia melanogenys,H,2000,15,50,35,NA,No territorial,Asteraceae,Campanulaceae,Onagraceae,"Lobelia, Fuchsia, Psammisia, Palicourea,Bomarea",Compuesta,1,Bosque
33153,Coquetas,Adelomyia,Adelomyia melanogenys,H,1950,14,49,33,3.4,No territorial,Asteraceae,Campanulaceae,Onagraceae,"Lobelia, Fuchsia, Psammisia, Palicourea,Bomarea",Compuesta,1,Bosque
27277,Coquetas,Aglaiocercus,Aglaiocercus coelestis,M,2000,15,69,127,5.9,No territorial,Ericaceae,Bromeliaceae,Alstroemeriaceae,"Bomarea, Clusia, Inga",,2,Bosque
36974,Coquetas,Aglaiocercus,Aglaiocercus coelestis,M,1200,15,74,136,6.2,No territorial,Ericaceae,Bromeliaceae,Alstroemeriaceae,"Bomarea, Clusia, Inga",,2,Bosque
30320,Coquetas,Aglaiocercus,Aglaiocercus coelestis,M,1140,15,75,121,6.5,No territorial,Ericaceae,Bromeliaceae,Alstroemeriaceae,"Bomarea, Clusia, Inga",,2,Bosque
36975,Coquetas,Aglaiocercus,Aglaiocercus coelestis,M,1200,15,69,N/A,6.3,No territorial,Ericaceae,Bromeliaceae,Alstroemeriaceae,"Bomarea, Clusia, Inga",,2,Bosque
32716,Coquetas,Aglaiocercus,Aglaiocercus coelestis,M,1750,13,67,N/A,6.5,No territorial,Ericaceae,Bromeliaceae,Alstroemeriaceae,"Bomarea, Clusia, Inga",,2,Bosque
32225,Coquetas,Aglaiocercus,Aglaiocercus coelestis,H,1480,15,59,43,5.2,No territorial,Ericaceae,Bromeliaceae,Alstroemeriaceae,"Bomarea, Clusia, Inga",,2,Bosque
32224,Coquetas,Aglaiocercus,Aglaiocercus coelestis,H,1480,16,55,41,4.5,No territorial,Ericaceae,Bromeliaceae,Alstroemeriaceae,"Bomarea, Clusia, Inga",,2,Bosque
32226,Coquetas,Aglaiocercus,Aglaiocercus coelestis,H,1480,15,56,41,4.8,No territorial,Ericaceae,Bromeliaceae,Alstroemeriaceae,"Bomarea, Clusia, Inga",,2,Bosque
30411,Coquetas,Aglaiocercus,Aglaiocercus coelestis,H,1000,14,50,39,4,No territorial,Ericaceae,Bromeliaceae,Alstroemeriaceae,"Bomarea, Clusia, Inga",,2,Bosque
17480,Coquetas,Aglaiocercus,Aglaiocercus coelestis,H,1200,16,59,42,NA,No territorial,Ericaceae,Bromeliaceae,Alstroemeriaceae,"Bomarea, Clusia, Inga",,2,Bosque
34774,Coquetas,Aglaiocercus,Aglaiocercus kingi,M,1800,14,65,121,4.5,No territorial,,,,,,2,Bosque
4782,Coquetas,Aglaiocercus,Aglaiocercus kingi,M,2300,16,73,139,NA,No territorial,,,,,,2,Bosque
7399,Coquetas,Aglaiocercus,Aglaiocercus kingi,M,2540,16,66,130,NA,No territorial,,,,,,2,Bosque
15993,Coquetas,Aglaiocercus,Aglaiocercus kingi,M,1230,14,70,117,NA,No territorial,,,,,,2,Bosque
15991,Coquetas,Aglaiocercus,Aglaiocercus kingi,M,1230,15,64,127,NA,No territorial,,,,,,2,Bosque
22378,Coquetas,Aglaiocercus,Aglaiocercus kingi,H,2150,15,55,43,NA,No territorial,,,,,,2,Bosque
26006,Coquetas,Aglaiocercus,Aglaiocercus kingi,H,2620,15,59,45,NA,No territorial,,,,,,2,Bosque
7341,Coquetas,Aglaiocercus,Aglaiocercus kingi,H,2300,16,52,38,NA,No territorial,,,,,,2,Bosque
29646,Coquetas,Aglaiocercus,Aglaiocercus kingi,H,2200,15,59,44,NA,No territorial,,,,,,2,Bosque
7393,Coquetas,Aglaiocercus,Aglaiocercus kingi,H,1800,14,58,46,NA,No territorial,,,,,,2,Bosque
7968,Coquetas,Oxypogon,Oxypogon guerinii,M,3800,9,70,57,NA,No territorial,Melastomataceae,Ericaceae,Gentianaceae,"Brachyotum strigosum, Cavendishia nítida, Macrocarpaea glabra, Miconia sp, Cavendishia bracteata",,2,Matorral
22954,Coquetas,Oxypogon,Oxypogon guerinii,M,3960,9,73,56,NA,No territorial,Melastomataceae,Ericaceae,Gentianaceae,"Brachyotum strigosum, Cavendishia nítida, Macrocarpaea glabra, Miconia sp, Cavendishia bracteata",,2,Matorral
34490,Coquetas,Oxypogon,Oxypogon guerinii,M,4020,9,69,54,5.5,No territorial,Melastomataceae,Ericaceae,Gentianaceae,"Brachyotum strigosum, Cavendishia nítida, Macrocarpaea glabra, Miconia sp, Cavendishia bracteata",,2,Matorral
36864,Coquetas,Oxypogon,Oxypogon guerinii,M,3712,9,71,60,6,No territorial,Melastomataceae,Ericaceae,Gentianaceae,"Brachyotum strigosum, Cavendishia nítida, Macrocarpaea glabra, Miconia sp, Cavendishia bracteata",,2,Matorral
7966,Coquetas,Oxypogon,Oxypogon guerinii,M,1923,8,74,53,NA,No territorial,Melastomataceae,Ericaceae,Gentianaceae,"Brachyotum strigosum, Cavendishia nítida, Macrocarpaea glabra, Miconia sp, Cavendishia bracteata",,2,Matorral
38034,Coquetas,Oxypogon,Oxypogon guerinii,H,4000,9,69,54,5,No territorial,Melastomataceae,Ericaceae,Gentianaceae,"Brachyotum strigosum, Cavendishia nítida, Macrocarpaea glabra, Miconia sp, Cavendishia bracteata",,2,Matorral
23855,Coquetas,Oxypogon,Oxypogon guerinii,H,3470,9,67,48,NA,No territorial,Melastomataceae,Ericaceae,Gentianaceae,"Brachyotum strigosum, Cavendishia nítida, Macrocarpaea glabra, Miconia sp, Cavendishia bracteata",,2,Matorral
7971,Coquetas,Oxypogon,Oxypogon guerinii,H,3800,9,60,51,NA,No territorial,Melastomataceae,Ericaceae,Gentianaceae,"Brachyotum strigosum, Cavendishia nítida, Macrocarpaea glabra, Miconia sp, Cavendishia bracteata",,2,Matorral
13897,Coquetas,Oxypogon,Oxypogon guerinii,H,4650,7,63,55,NA,No territorial,Melastomataceae,Ericaceae,Gentianaceae,"Brachyotum strigosum, Cavendishia nítida, Macrocarpaea glabra, Miconia sp, Cavendishia bracteata",,2,Matorral
38035,Coquetas,Oxypogon,Oxypogon guerinii,H,4200,9,68,57,5.2,No territorial,Melastomataceae,Ericaceae,Gentianaceae,"Brachyotum strigosum, Cavendishia nítida, Macrocarpaea glabra, Miconia sp, Cavendishia bracteata",,2,Matorral
3250,Coquetas,Lesbia,Lesbia nuna,M,2376,9,52,108,NA,No territorial,Asteraceae,Ericaceae,Elaeocarpaceae,"Macleania rupestris, Vallea stipularis",Compuesta,2,Matorral
7823,Coquetas,Lesbia,Lesbia nuna,M,2650,10,51,67,NA,No territorial,Asteraceae,Ericaceae,Elaeocarpaceae,"Macleania rupestris, Vallea stipularis",Compuesta,2,Matorral
7816,Coquetas,Lesbia,Lesbia nuna,M,1923,11,50,108,NA,No territorial,Asteraceae,Ericaceae,Elaeocarpaceae,"Macleania rupestris, Vallea stipularis",Compuesta,2,Matorral
7822,Coquetas,Lesbia,Lesbia nuna,M,2568,10,51,114,NA,No territorial,Asteraceae,Ericaceae,Elaeocarpaceae,"Macleania rupestris, Vallea stipularis",Compuesta,2,Matorral
26170,Coquetas,Lesbia,Lesbia nuna,M,2970,10,52,113,NA,No territorial,Asteraceae,Ericaceae,Elaeocarpaceae,"Macleania rupestris, Vallea stipularis",Compuesta,2,Matorral
39982,Coquetas,Lesbia,Lesbia nuna,H,3130,10,46,56,3.1,No territorial,Asteraceae,Ericaceae,Elaeocarpaceae,"Macleania rupestris, Vallea stipularis",Compuesta,2,Matorral
35600,Coquetas,Lesbia,Lesbia nuna,H,2850,11,48,49,3.15,No territorial,Asteraceae,Ericaceae,Elaeocarpaceae,"Macleania rupestris, Vallea stipularis",Compuesta,2,Matorral
13406,Coquetas,Lesbia,Lesbia nuna,H,2569,11,49,50,NA,No territorial,Asteraceae,Ericaceae,Elaeocarpaceae,"Macleania rupestris, Vallea stipularis",Compuesta,2,Matorral
7820,Coquetas,Lesbia,Lesbia nuna,H,2660,11,47,62,NA,No territorial,Asteraceae,Ericaceae,Elaeocarpaceae,"Macleania rupestris, Vallea stipularis",Compuesta,2,Matorral
16854,Coquetas,Lesbia,Lesbia nuna,H,2376,10,46,60,NA,No territorial,Asteraceae,Ericaceae,Elaeocarpaceae,"Macleania rupestris, Vallea stipularis",Compuesta,2,Matorral
22957,Coquetas,Lesbia,Lesbia victoriae,M,3960,15,57,154,NA,No territorial,Asteraceae,Bignoniaceae,Fabaceae,Puya,Compuesta,2,Matorral
19510,Coquetas,Lesbia,Lesbia victoriae,M,2650,14,60,157,NA,No territorial,Asteraceae,Bignoniaceae,Fabaceae,Puya,Compuesta,2,Matorral
7812,Coquetas,Lesbia,Lesbia victoriae,M,2660,15,60,164,NA,No territorial,Asteraceae,Bignoniaceae,Fabaceae,Puya,Compuesta,2,Matorral
36996,Coquetas,Lesbia,Lesbia victoriae,M,2782,15,60,165,6.4,No territorial,Asteraceae,Bignoniaceae,Fabaceae,Puya,Compuesta,2,Matorral
7809,Coquetas,Lesbia,Lesbia victoriae,M,3341,15,60,164,NA,No territorial,Asteraceae,Bignoniaceae,Fabaceae,Puya,Compuesta,2,Matorral
33793,Coquetas,Lesbia,Lesbia victoriae,H,2580,16,54,70,NA,No territorial,Asteraceae,Bignoniaceae,Fabaceae,Puya,Compuesta,2,Matorral
33974,Coquetas,Lesbia,Lesbia victoriae,H,2580,12,59,94,NA,No territorial,Asteraceae,Bignoniaceae,Fabaceae,Puya,Compuesta,2,Matorral
7811,Coquetas,Lesbia,Lesbia victoriae,H,2584,14,59,91,NA,No territorial,Asteraceae,Bignoniaceae,Fabaceae,Puya,Compuesta,2,Matorral
7801,Coquetas,Lesbia,Lesbia victoriae,H,2663,15,54,85,NA,No territorial,Asteraceae,Bignoniaceae,Fabaceae,Puya,Compuesta,2,Matorral
7806,Coquetas,Lesbia,Lesbia victoriae,H,3800,14,54,86,NA,No territorial,Asteraceae,Bignoniaceae,Fabaceae,Puya,Compuesta,2,Matorral
37561,Coquetas,Metallura,Metallura tyrianthina,M,2800,11,60,49,3.25,No territorial,Asteraceae,Ericaceae,Elaeocarpaceae,"Macleania rupestris, Vallea stipularis",Compuesta,1,Bosque
37555,Coquetas,Metallura,Metallura tyrianthina,M,2800,9,54,35,3,No territorial,Asteraceae,Ericaceae,Elaeocarpaceae,"Macleania rupestris, Vallea stipularis",Compuesta,1,Bosque
33742,Coquetas,Metallura,Metallura tyrianthina,M,3300,11,59,43,3.9,No territorial,Asteraceae,Ericaceae,Elaeocarpaceae,"Macleania rupestris, Vallea stipularis",Compuesta,1,Bosque
34468,Coquetas,Metallura,Metallura tyrianthina,M,2270,10,56,43,3.5,No territorial,Asteraceae,Ericaceae,Elaeocarpaceae,"Macleania rupestris, Vallea stipularis",Compuesta,1,Bosque
35931,Coquetas,Metallura,Metallura tyrianthina,M,1800,11,56,43,3.5,No territorial,Asteraceae,Ericaceae,Elaeocarpaceae,"Macleania rupestris, Vallea stipularis",Compuesta,1,Bosque
33731,Coquetas,Metallura,Metallura tyrianthina,H,3300,11,51,40,3.2,No territorial,Asteraceae,Ericaceae,Elaeocarpaceae,"Macleania rupestris, Vallea stipularis",Compuesta,1,Bosque
29303,Coquetas,Metallura,Metallura tyrianthina,H,2800,11,52,36,NA,No territorial,Asteraceae,Ericaceae,Elaeocarpaceae,"Macleania rupestris, Vallea stipularis",Compuesta,1,Bosque
22958,Coquetas,Metallura,Metallura tyrianthina,H,3960,12,54,36,NA,No territorial,Asteraceae,Ericaceae,Elaeocarpaceae,"Macleania rupestris, Vallea stipularis",Compuesta,1,Bosque
26147,Coquetas,Metallura,Metallura tyrianthina,H,2970,11,49,34,NA,No territorial,Asteraceae,Ericaceae,Elaeocarpaceae,"Macleania rupestris, Vallea stipularis",Compuesta,1,Bosque
37532,Coquetas,Metallura,Metallura tyrianthina,H,2880,12,49,31,3,No territorial,Asteraceae,Ericaceae,Elaeocarpaceae,"Macleania rupestris, Vallea stipularis",Compuesta,1,Bosque
36842,Coquetas,Metallura,Metallura iracunda,M,3025,11,60,47,3.9,No territorial,Asteraceae,,,,Compuesta,2,Pastizal
36810,Coquetas,Metallura,Metallura iracunda,M,3021,11,63,50,4.3,No territorial,Asteraceae,,,,Compuesta,2,Pastizal
36753,Coquetas,Metallura,Metallura iracunda,M,2500,12,69,45,4.4,No territorial,Asteraceae,,,,Compuesta,2,Pastizal
36824,Coquetas,Metallura,Metallura iracunda,M,3025,12,60,44,3.8,No territorial,Asteraceae,,,,Compuesta,2,Pastizal
8017,Coquetas,Metallura,Metallura iracunda,M,3550,11,64,46,NA,No territorial,Asteraceae,,,,Compuesta,2,Pastizal
36238,Coquetas,Metallura,Metallura iracunda,H,3018,12,55,36,3.8,No territorial,Asteraceae,,,,Compuesta,2,Pastizal
36816,Coquetas,Metallura,Metallura iracunda,H,3025,12,56,40,3.6,No territorial,Asteraceae,,,,Compuesta,2,Pastizal
36815,Coquetas,Metallura,Metallura iracunda,H,3025,12,55,43,3.3,No territorial,Asteraceae,,,,Compuesta,2,Pastizal
38731,Coquetas,Chalcostigma,Chalcostigma heteropogon,M,3380,13,72,44,5,No territorial,Asteraceae,Melastomataceae,Ericaceae,"Brachyotum strigosum, Cavendishia nítida, Bomarea sp, Castilleja sp, Vallea stipularis",Compuesta,3,Pastizal
30950,Coquetas,Chalcostigma,Chalcostigma heteropogon,M,3250,13,72,63,6,No territorial,Asteraceae,Melastomataceae,Ericaceae,"Brachyotum strigosum, Cavendishia nítida, Bomarea sp, Castilleja sp, Vallea stipularis",Compuesta,3,Pastizal
36982,Coquetas,Chalcostigma,Chalcostigma heteropogon,M,3100,13,68,53,5.8,No territorial,Asteraceae,Melastomataceae,Ericaceae,"Brachyotum strigosum, Cavendishia nítida, Bomarea sp, Castilleja sp, Vallea stipularis",Compuesta,3,Pastizal
37010,Coquetas,Chalcostigma,Chalcostigma heteropogon,M,3400,13,74,63,5.7,No territorial,Asteraceae,Melastomataceae,Ericaceae,"Brachyotum strigosum, Cavendishia nítida, Bomarea sp, Castilleja sp, Vallea stipularis",Compuesta,3,Pastizal
37212,Coquetas,Chalcostigma,Chalcostigma heteropogon,M,3450,13,71,56,NA,No territorial,Asteraceae,Melastomataceae,Ericaceae,"Brachyotum strigosum, Cavendishia nítida, Bomarea sp, Castilleja sp, Vallea stipularis",Compuesta,3,Pastizal
36989,Coquetas,Chalcostigma,Chalcostigma heteropogon,H,3100,13,64,54,5.1,No territorial,Asteraceae,Melastomataceae,Ericaceae,"Brachyotum strigosum, Cavendishia nítida, Bomarea sp, Castilleja sp, Vallea stipularis",Compuesta,3,Pastizal
34493,Coquetas,Chalcostigma,Chalcostigma heteropogon,H,3050,13,62,49,4.7,No territorial,Asteraceae,Melastomataceae,Ericaceae,"Brachyotum strigosum, Cavendishia nítida, Bomarea sp, Castilleja sp, Vallea stipularis",Compuesta,3,Pastizal
37494,Coquetas,Chalcostigma,Chalcostigma heteropogon,H,3450,14,65,53,4.75,No territorial,Asteraceae,Melastomataceae,Ericaceae,"Brachyotum strigosum, Cavendishia nítida, Bomarea sp, Castilleja sp, Vallea stipularis",Compuesta,3,Pastizal
19960,Coquetas,Chalcostigma,Chalcostigma heteropogon,H,3250,13,65,54,NA,No territorial,Asteraceae,Melastomataceae,Ericaceae,"Brachyotum strigosum, Cavendishia nítida, Bomarea sp, Castilleja sp, Vallea stipularis",Compuesta,3,Pastizal
37511,Coquetas,Chalcostigma,Chalcostigma heteropogon,H,3450,12,66,53,4.5,No territorial,Asteraceae,Melastomataceae,Ericaceae,"Brachyotum strigosum, Cavendishia nítida, Bomarea sp, Castilleja sp, Vallea stipularis",Compuesta,3,Pastizal
25786,Coquetas,Chalcostigma,Chalcostigma herrani,M,3650,12,73,57,NA,No territorial,Asteraceae,Melastomataceae,Bromeliaceae,"Brachyotum, Puya",Compuesta,3,Pastizal
25800,Coquetas,Chalcostigma,Chalcostigma herrani,M,3600,13,72,58,NA,No territorial,Asteraceae,Melastomataceae,Bromeliaceae,"Brachyotum, Puya",Compuesta,3,Pastizal
7437,Coquetas,Chalcostigma,Chalcostigma herrani,M,3300,14,72,57,NA,No territorial,Asteraceae,Melastomataceae,Bromeliaceae,"Brachyotum, Puya",Compuesta,3,Pastizal
7436,Coquetas,Chalcostigma,Chalcostigma herrani,M,3300,12,69,56,NA,No territorial,Asteraceae,Melastomataceae,Bromeliaceae,"Brachyotum, Puya",Compuesta,3,Pastizal
7438,Coquetas,Chalcostigma,Chalcostigma herrani,M,3300,12,69,55,NA,No territorial,Asteraceae,Melastomataceae,Bromeliaceae,"Brachyotum, Puya",Compuesta,3,Pastizal
25796,Coquetas,Chalcostigma,Chalcostigma herrani,H,3600,12,66,52,NA,No territorial,Asteraceae,Melastomataceae,Bromeliaceae,"Brachyotum, Puya",Compuesta,3,Pastizal
33351,Coquetas,Chalcostigma,Chalcostigma herrani,H,3300,11,66,54,NA,No territorial,Asteraceae,Melastomataceae,Bromeliaceae,"Brachyotum, Puya",Compuesta,3,Pastizal
33350,Coquetas,Chalcostigma,Chalcostigma herrani,H,3300,11,64,54,NA,No territorial,Asteraceae,Melastomataceae,Bromeliaceae,"Brachyotum, Puya",Compuesta,3,Pastizal
33400,Coquetas,Chalcostigma,Chalcostigma herrani,H,3450,12,65,53,5.2,No territorial,Asteraceae,Melastomataceae,Bromeliaceae,"Brachyotum, Puya",Compuesta,3,Pastizal
IAvH-A-11836,Coquetas,Chalcostigma,Chalcostigma herrani,H,3640,11,63,49,NA,No territorial,Asteraceae,Melastomataceae,Bromeliaceae,"Brachyotum, Puya",Compuesta,3,Pastizal
26241,Coquetas,Ramphomicron,Ramphomicron microrhynchum,M,2800,8,53,45,NA,No territorial,Loranthaceae,Melastomataceae,Asteraceae,"Gaiadendron punctatun, Brachyotum strigosum, Espeletia sp, Clusia multiflora, Vallea stipularis",,1,Bosque
26250,Coquetas,Ramphomicron,Ramphomicron microrhynchum,M,2800,7,51,48,NA,No territorial,Loranthaceae,Melastomataceae,Asteraceae,"Gaiadendron punctatun, Brachyotum strigosum, Espeletia sp, Clusia multiflora, Vallea stipularis",,1,Bosque
26203,Coquetas,Ramphomicron,Ramphomicron microrhynchum,M,2970,7,52,49,NA,No territorial,Loranthaceae,Melastomataceae,Asteraceae,"Gaiadendron punctatun, Brachyotum strigosum, Espeletia sp, Clusia multiflora, Vallea stipularis",,1,Bosque
26229,Coquetas,Ramphomicron,Ramphomicron microrhynchum,M,2800,7,55,51,NA,No territorial,Loranthaceae,Melastomataceae,Asteraceae,"Gaiadendron punctatun, Brachyotum strigosum, Espeletia sp, Clusia multiflora, Vallea stipularis",,1,Bosque
8023,Coquetas,Ramphomicron,Ramphomicron microrhynchum,H,1923,7,48,31,NA,No territorial,Loranthaceae,Melastomataceae,Asteraceae,"Gaiadendron punctatun, Brachyotum strigosum, Espeletia sp, Clusia multiflora, Vallea stipularis",,1,Bosque
36420,Coquetas,Ramphomicron,Ramphomicron microrhynchum,H,3100,8,47,34,3.25,No territorial,Loranthaceae,Melastomataceae,Asteraceae,"Gaiadendron punctatun, Brachyotum strigosum, Espeletia sp, Clusia multiflora, Vallea stipularis",,1,Bosque
19514,Coquetas,Ramphomicron,Ramphomicron microrhynchum,H,2650,8,41,30,NA,No territorial,Loranthaceae,Melastomataceae,Asteraceae,"Gaiadendron punctatun, Brachyotum strigosum, Espeletia sp, Clusia multiflora, Vallea stipularis",,1,Bosque
IAvH-A -17067,Coquetas,Ramphomicron,Ramphomicron microrhynchum,H,3525,7,48,32,3.7,No territorial,Loranthaceae,Melastomataceae,Asteraceae,"Gaiadendron punctatun, Brachyotum strigosum, Espeletia sp, Clusia multiflora, Vallea stipularis",,1,Bosque